Subject,Category,Set,Question,Option1,Option2,Option3,Option4,Correct_Option
Brain Boosting,Classification,Level 1,Which one is different?,Banana,Mango,Apple,Potato,Potato
Brain Boosting,Classification,Level 1,Which one is different?,Cow,Car,Dog,Cat,Car
Brain Boosting,Classification,Level 1,Which one is different?,Red,Blue,Green,Tiger,Tiger
Brain Boosting,Classification,Level 1,Which one is different?,Triangle,Circle,Square,Chair,Chair
Brain Boosting,Classification,Level 1,Which one is different?,Mango,Rose,Lily,Lotus,Mango
Brain Boosting,Classification,Level 1,Which one is different?,Monday,March,January,July,Monday
Brain Boosting,Classification,Level 1,Which one is different?,Pen,Banana,Eraser,Pencil,Banana
Brain Boosting,Classification,Level 1,Which one is different?,Shark,Whale,Sparrow,Fish,Sparrow
Brain Boosting,Classification,Level 1,Which one is different?,Apple,Bus,Car,Train,Apple
Brain Boosting,Classification,Level 1,Which one is different?,Table,Pant,Shoe,Shirt,Table
Brain Boosting,Classification,Level 1,Which one is different?,2,6,4,9,9
Brain Boosting,Classification,Level 1,Which one is different?,Sheep,Cow,Goat,Eagle,Eagle
Brain Boosting,Classification,Level 1,Which one is different?,Star,Sun,Moon,River,River
Brain Boosting,Classification,Level 1,Which one is different?,Spoon,Newspaper,Book,Notebook,Spoon
Brain Boosting,Classification,Level 1,Which one is different?,Rectangle,Circle,Oval,Apple,Apple
Brain Boosting,Classification,Level 1,Which one is different?,Milk,Wheat,Rice,Corn,Milk
Brain Boosting,Classification,Level 1,Which one is different?,Engineer,Doctor,Teacher,Tiger,Tiger
Brain Boosting,Classification,Level 1,Which one is different?,Water,Iron,Gold,Silver,Water
Brain Boosting,Classification,Level 1,Which one is different?,Cooking,Cricket,Tennis,Football,Cooking
Brain Boosting,Classification,Level 1,Which one is different?,Nose,Ear,Handbag,Eye,Handbag
Brain Boosting,Classification,Level 2,Which one is different?,Parrot,Crow,Butterfly,Sparrow,Butterfly
Brain Boosting,Classification,Level 2,Which one is different?,Rainy,Winter,Summer,Breakfast,Breakfast
Brain Boosting,Classification,Level 2,Which one is different?,5,22,10,15,22
Brain Boosting,Classification,Level 2,Which one is different?,Mouse,Pencil,Monitor,Keyboard,Pencil
Brain Boosting,Classification,Level 2,Which one is different?,Bangladesh,Dhaka,Japan,India,Dhaka
Brain Boosting,Classification,Level 2,Which one is different?,Tomato,Carrot,Apple,Potato,Apple
Brain Boosting,Classification,Level 2,Which one is different?,Lion,Eagle,Elephant,Tiger,Eagle
Brain Boosting,Classification,Level 2,Which one is different?,Table,Chair,Bed,Banana,Banana
Brain Boosting,Classification,Level 2,Which one is different?,Yellow,Cat,Purple,Orange,Cat
Brain Boosting,Classification,Level 2,Which one is different?,Mango,Orange,Guava,Carrot,Carrot
Brain Boosting,Classification,Level 2,Which one is different?,Pencil,Marker,Shoe,Pen,Shoe
Brain Boosting,Classification,Level 2,Which one is different?,Tuesday,December,Friday,Monday,December
Brain Boosting,Classification,Level 2,Which one is different?,Shark,Goat,Horse,Cow,Shark
Brain Boosting,Classification,Level 2,Which one is different?,Fork,Ball,Plate,Spoon,Ball
Brain Boosting,Classification,Level 2,Which one is different?,Asia,Mars,Jupiter,Earth,Asia
Brain Boosting,Classification,Level 2,Which one is different?,Bus,Train,House,Airplane,House
Brain Boosting,Classification,Level 2,Which one is different?,Hand,Ear,Eye,Book,Book
Brain Boosting,Classification,Level 2,Which one is different?,Juice,Stone,Milk,Water,Stone
Brain Boosting,Classification,Level 2,Which one is different?,Badminton,Football,Cricket,Dancing,Dancing
Brain Boosting,Classification,Level 2,Which one is different?,Spinach,Apple,Banana,Grapes,Spinach
Brain Boosting,Classification,Level 3,Which one is different?,Pilot,Nurse,Doctor,Teacher,Teacher
Brain Boosting,Classification,Level 3,Which one is different?,Diamond,Wood,Silver,Gold,Wood
Brain Boosting,Classification,Level 3,Which one is different?,Circle,Book,Square,Triangle,Book
Brain Boosting,Classification,Level 3,Which one is different?,7,4,2,6,7
Brain Boosting,Classification,Level 3,Which one is different?,Shirt,Pant,Car,Hat,Car
Brain Boosting,Classification,Level 3,Which one is different?,Bird,Butterfly,Cat,Bat,Cat
Brain Boosting,Classification,Level 3,Which one is different?,Winter,Monday,Summer,Spring,Monday
Brain Boosting,Classification,Level 3,Which one is different?,Apple,Printer,Mouse,Keyboard,Apple
Brain Boosting,Classification,Level 3,Which one is different?,Elephant,Red,Blue,Green,Elephant
Brain Boosting,Classification,Level 3,Which one is different?,Europe,Africa,Asia,Dhaka,Dhaka
Brain Boosting,Classification,Level 3,Which one is different?,Rabbit,Cat,Parrot,Dog,Parrot
Brain Boosting,Classification,Level 3,Which one is different?,Pencil,Notebook,Apple,Book,Apple
Brain Boosting,Classification,Level 3,Which one is different?,Moon,Star,Sun,Cloud,Cloud
Brain Boosting,Classification,Level 3,Which one is different?,Green,Red,Blue,Circle,Circle
Brain Boosting,Classification,Level 3,Which one is different?,Bicycle,Chair,Car,Bus,Chair
Brain Boosting,Classification,Level 3,Which one is different?,Rose,Tulip,Potato,Lotus,Potato
Brain Boosting,Classification,Level 3,Which one is different?,1,5,8,3,8
Brain Boosting,Classification,Level 3,Which one is different?,Tiger,Cow,Hen,Goat,Tiger
Brain Boosting,Classification,Level 3,Which one is different?,Book,Coffee,Juice,Tea,Book
Brain Boosting,Classification,Level 3,Which one is different?,Hand,Eye,Leg,Table,Table
Brain Boosting,Classification,Level 4,Which one is different?,Singing,Football,Cricket,Tennis,Singing
Brain Boosting,Classification,Level 4,Which one is different?,Copper,Gold,Iron,Plastic,Plastic
Brain Boosting,Classification,Level 4,Which one is different?,Mango,Apple,Banana,Pencil,Pencil
Brain Boosting,Classification,Level 4,Which one is different?,Lion,Teacher,Doctor,Engineer,Lion
Brain Boosting,Classification,Level 4,Which one is different?,Monday,April,February,January,Monday
Brain Boosting,Classification,Level 4,Which one is different?,Mars,Venus,Atlantic,Earth,Atlantic
Brain Boosting,Classification,Level 4,Which one is different?,Chair,Sofa,Table,Cat,Cat
Brain Boosting,Classification,Level 4,Which one is different?,Shoe,Shirt,Ball,Pant,Ball
Brain Boosting,Classification,Level 4,Which one is different?,Eagle,Crow,Fish,Sparrow,Fish
Brain Boosting,Classification,Level 4,Which one is different?,Rectangle,Orange,Square,Triangle,Orange
Brain Boosting,Classification,Level 4,Which one is different?,Stone,Egg,Bread,Rice,Stone
Brain Boosting,Classification,Level 4,Which one is different?,Monitor,Keyboard,Car,Mouse,Car
Brain Boosting,Classification,Level 4,Which one is different?,Bear,Tiger,Lion,Parrot,Parrot
Brain Boosting,Classification,Level 4,Which one is different?,35,30,20,10,35
Brain Boosting,Classification,Level 4,Which one is different?,Nepal,Bangladesh,India,Dhaka,Dhaka
Brain Boosting,Classification,Level 4,Which one is different?,Circle,Rectangle,Square,Triangle,Circle
Brain Boosting,Classification,Level 4,Which one is different?,Moon,Jupiter,Mars,Earth,Moon
Brain Boosting,Classification,Level 4,Which one is different?,9,2,5,3,9
Brain Boosting,Classification,Level 4,Which one is different?,Nitrogen,Oxygen,Carbon Dioxide,Gold,Gold
Brain Boosting,Classification,Level 4,Which one is different?,Mouse,Keyboard,Scanner,Printer,Keyboard
Brain Boosting,Classification,Level 5,Which one is different?,Shakespeare,Bangladesh,Einstein,Newton,Bangladesh
Brain Boosting,Classification,Level 5,Which one is different?,Lungs,Heart,Stomach,Brain,Stomach
Brain Boosting,Classification,Level 5,Which one is different?,Ganga,Amazon,Everest,Nile,Everest
Brain Boosting,Classification,Level 5,Which one is different?,Plastic,Silver,Iron,Copper,Plastic
Brain Boosting,Classification,Level 5,Which one is different?,Triangle,Sphere,Square,Pentagon,Sphere
Brain Boosting,Classification,Level 5,Which one is different?,Tuesday,September,June,April,Tuesday
Brain Boosting,Classification,Level 5,Which one is different?,Math,Football,Science,Grammar,Football
Brain Boosting,Classification,Level 5,Which one is different?,Flower,Leaf,Stem,Root,Flower
Brain Boosting,Classification,Level 5,Which one is different?,Shark,Dolphin,Whale,Crocodile,Crocodile
Brain Boosting,Classification,Level 5,Which one is different?,Newspaper,Magazine,Book,Painting,Painting
Brain Boosting,Classification,Level 5,Which one is different?,Monday,Friday,Wednesday,January,January
Brain Boosting,Classification,Level 5,Which one is different?,25,6,12,3,25
Brain Boosting,Classification,Level 5,Which one is different?,Cylinder,Rectangle,Sphere,Cube,Rectangle
Brain Boosting,Classification,Level 5,Which one is different?,Potato,Apple,Spinach,Carrot,Apple
Brain Boosting,Classification,Level 5,Which one is different?,Medicine,Teacher,Hospital,Doctor,Teacher
Brain Boosting,Classification,Level 5,Which one is different?,Africa,Europe,China,Asia,China
Brain Boosting,Classification,Level 5,Which one is different?,Piano,Guitar,Football,Violin,Football
Brain Boosting,Classification,Level 5,Which one is different?,Fire,Stone,Air,Water,Stone
Brain Boosting,Classification,Level 5,Which one is different?,8,2,4,18,18
Brain Boosting,Classification,Level 5,Which one is different?,Venus,Mercury,Sun,Saturn,Sun
Brain Boosting,Analogy,Level 1,Bird is to Fly as Fish is to ____,Run,Jump,Swim,Walk,Swim
Brain Boosting,Analogy,Level 1,Cat is to Kitten as Dog is to ____,Puppy,Foal,Calf,Cub,Puppy
Brain Boosting,Analogy,Level 1,Hand is to Glove as Foot is to ____,Shirt,Belt,Shoe,Hat,Shoe
Brain Boosting,Analogy,Level 1,Book is to Read as Food is to ____,Sleep,Write,Eat,Throw,Eat
Brain Boosting,Analogy,Level 1,Eye is to See as Ear is to ____,Touch,Smell,Taste,Hear,Hear
Brain Boosting,Analogy,Level 1,Teacher is to School as Doctor is to ____,Bank,Market,Library,Hospital,Hospital
Brain Boosting,Analogy,Level 1,Bird is to Nest as Lion is to ____,Burrow,Stable,Den,Hive,Den
Brain Boosting,Analogy,Level 1,Puppy is to Dog as Kitten is to ____,Cow,Horse,Cat,Bird,Cat
Brain Boosting,Analogy,Level 1,Hot is to Cold as Day is to ____,Night,Light,Sun,Morning,Night
Brain Boosting,Analogy,Level 1,Pen is to Write as Knife is to ____,Sing,Read,Draw,Cut,Cut
Brain Boosting,Analogy,Level 1,Plant is to Water as Fire is to ____,Ice,Wood,Fuel,Air,Fuel
Brain Boosting,Analogy,Level 1,Finger is to Hand as Toe is to ____,Head,Foot,Arm,Leg,Foot
Brain Boosting,Analogy,Level 1,Cow is to Calf as Goat is to ____,Foal,Puppy,Kid,Chick,Kid
Brain Boosting,Analogy,Level 1,Car is to Road as Boat is to ____,Water,Bridge,Track,Sky,Water
Brain Boosting,Analogy,Level 1,Smile is to Happy as Cry is to ____,Angry,Sad,Funny,Excited,Sad
Brain Boosting,Analogy,Level 2,Doctor is to Medicine as Teacher is to ____,Patient,Student,School,Book,Book
Brain Boosting,Analogy,Level 2,Clock is to Time as Thermometer is to ____,Distance,Weight,Temperature,Speed,Temperature
Brain Boosting,Analogy,Level 2,Knife is to Cut as Pen is to ____,Erase,Draw,Write,Open,Write
Brain Boosting,Analogy,Level 2,Leaf is to Tree as Petal is to ____,Flower,Branch,Root,Seed,Flower
Brain Boosting,Analogy,Level 2,Chicken is to Egg as Plant is to ____,Flower,Root,Leaf,Seed,Seed
Brain Boosting,Analogy,Level 2,King is to Queen as Man is to ____,Woman,Brother,Child,Boy,Woman
Brain Boosting,Analogy,Level 2,Water is to Thirst as Food is to ____,Hunger,Energy,Sleep,Cold,Hunger
Brain Boosting,Analogy,Level 2,Wheel is to Car as Wing is to ____,Plane,Train,Bicycle,Boat,Plane
Brain Boosting,Analogy,Level 2,Cow is to Milk as Hen is to ____,Feather,Meat,Water,Egg,Egg
Brain Boosting,Analogy,Level 2,School is to Student as Hospital is to ____,Patient,Medicine,Doctor,Teacher,Patient
Brain Boosting,Analogy,Level 2,Book is to Library as Animal is to ____,Zoo,Farm,Forest,Home,Zoo
Brain Boosting,Analogy,Level 2,Flower is to Garden as Fish is to ____,Nest,Aquarium,Desert,Forest,Aquarium
Brain Boosting,Analogy,Level 2,Egg is to Chicken as Seed is to ____,Flower,Leaf,Tree,Plant,Plant
Brain Boosting,Analogy,Level 2,Car is to Drive as Boat is to ____,Fly,Jump,Run,Sail,Sail
Brain Boosting,Analogy,Level 2,Teacher is to Teach as Doctor is to ____,Sell,Write,Cure,Build,Cure
Brain Boosting,Analogy,Level 2,Fire is to Heat as Ice is to ____,Cold,Smoke,Water,Light,Cold
Brain Boosting,Analogy,Level 2,Earth is to Planet as Sun is to ____,Cloud,Moon,Star,Stone,Star
Brain Boosting,Analogy,Level 2,Apple is to Fruit as Carrot is to ____,Flower,Plant,Seed,Vegetable,Vegetable
Brain Boosting,Analogy,Level 2,Clock is to Hours as Calendar is to ____,Colors,Books,Weeks,Numbers,Weeks
Brain Boosting,Analogy,Level 2,Foot is to Walk as Mouth is to ____,Speak,Touch,Hear,See,Speak
Brain Boosting,Analogy,Level 3,Caterpillar is to Butterfly as Tadpole is to ____,Bird,Fish,Snake,Frog,Frog
Brain Boosting,Analogy,Level 3,Pilot is to Airplane as Driver is to ____,Bicycle,Train,Boat,Car,Car
Brain Boosting,Analogy,Level 3,Wood is to Tree as Steel is to ____,Metal,Stone,Plastic,Glass,Metal
Brain Boosting,Analogy,Level 3,Smile is to Happiness as Tears are to ____,Fear,Anger,Joy,Sadness,Sadness
Brain Boosting,Analogy,Level 3,Chapter is to Book as Scene is to ____,Picture,Story,Paper,Movie,Movie
Brain Boosting,Analogy,Level 3,Knife is to Kitchen as Bed is to ____,School,Bedroom,Garden,Office,Bedroom
Brain Boosting,Analogy,Level 3,Bee is to Honey as Cow is to ____,Milk,Grass,Water,Meat,Milk
Brain Boosting,Analogy,Level 3,Small is to Tiny as Big is to ____,Short,Long,Fast,Huge,Huge
Brain Boosting,Analogy,Level 3,Hand is to Hold as Legs are to ____,Write,Eat,Sleep,Run,Run
Brain Boosting,Analogy,Level 3,Moon is to Night as Sun is to ____,Star,Cloud,Rain,Day,Day
Brain Boosting,Analogy,Level 3,Sheep is to Wool as Silkworm is to ____,Silk,Wood,Leather,Cotton,Silk
Brain Boosting,Analogy,Level 3,Carpenter is to Wood as Potter is to ____,Paper,Iron,Glass,Clay,Clay
Brain Boosting,Analogy,Level 3,Question is to Answer as Problem is to ____,Number,Game,Solution,Story,Solution
Brain Boosting,Analogy,Level 3,Heart is to Blood as Pump is to ____,Water,Oil,Stone,Air,Water
Brain Boosting,Analogy,Level 3,Gloves are to Hands as Socks are to ____,Arms,Ears,Feet,Head,Feet
Brain Boosting,Analogy,Level 3,Book is to Knowledge as Food is to ____,Hunger,Cooking,Water,Health,Health
Brain Boosting,Analogy,Level 3,Seed is to Plant as Egg is to ____,Bird,Animal,Tree,Leaf,Bird
Brain Boosting,Analogy,Level 3,Keyboard is to Computer as Steering Wheel is to ____,Bicycle,Car,Train,Boat,Car
Brain Boosting,Analogy,Level 3,Eye is to Vision as Brain is to ____,Hearing,Running,Walking,Memory,Memory
Brain Boosting,Analogy,Level 3,Author is to Book as Painter is to ____,Movie,Song,Building,Painting,Painting
Brain Boosting,Analogy,Level 4,Oxygen is to Breathing as Food is to ____,Sleep,Digestion,Growth,Energy,Energy
Brain Boosting,Analogy,Level 4,Clock is to Time as Scale is to ____,Height,Weight,Temperature,Speed,Weight
Brain Boosting,Analogy,Level 4,Student is to Learn as Athlete is to ____,Read,Compete,Sleep,Write,Compete
Brain Boosting,Analogy,Level 4,Library is to Books as Museum is to ____,Animals,Plants,Food,Artifacts,Artifacts
Brain Boosting,Analogy,Level 4,Tree is to Forest as Star is to ____,Sky,Mountain,River,Ocean,Sky
Brain Boosting,Analogy,Level 4,Doctor is to Hospital as Teacher is to ____,Factory,Market,Office,School,School
Brain Boosting,Analogy,Level 4,Water is to Liquid as Ice is to ____,Cold,Solid,Heat,Gas,Solid
Brain Boosting,Analogy,Level 4,Grammar is to Language as Rules are to ____,Game,Food,Travel,Music,Game
Brain Boosting,Analogy,Level 4,Engine is to Car as Heart is to ____,Tree,Body,House,Computer,Body
Brain Boosting,Analogy,Level 4,Compass is to Direction as Clock is to ____,Speed,Distance,Weight,Time,Time
Brain Boosting,Analogy,Level 4,Finger is to Hand as Branch is to ____,Root,Flower,Tree,Leaf,Tree
Brain Boosting,Analogy,Level 4,Fire is to Burn as Water is to ____,Cook,Flow,Freeze,Clean,Clean
Brain Boosting,Analogy,Level 4,Question is to Curiosity as Challenge is to ____,Fear,Growth,Problem,Learning,Growth
Brain Boosting,Analogy,Level 4,Keyboard is to Typing as Camera is to ____,Watching,Reading,Photography,Listening,Photography
Brain Boosting,Analogy,Level 4,Root is to Tree as Foundation is to ____,Building,House,Bridge,Road,Building
Brain Boosting,Analogy,Level 4,Memory is to Brain as Strength is to ____,Blood,Skin,Bone,Muscle,Muscle
Brain Boosting,Analogy,Level 4,Battery is to Phone as Fuel is to ____,Car,House,Book,Chair,Car
Brain Boosting,Analogy,Level 4,Earthquake is to Ground as Storm is to ____,Cloud,Wind,Rain,Sea,Wind
Brain Boosting,Analogy,Level 4,Chapter is to Book as Episode is to ____,Series,Movie,Letter,Picture,Series
Brain Boosting,Analogy,Level 4,Smile is to Face as Sound is to ____,Ear,Eye,Hand,Nose,Ear
Brain Boosting,Cause and Effect,Level 1,Why do plants need sunlight?,To move,To become taller instantly,To sleep,To make food,To make food
Brain Boosting,Cause and Effect,Level 1,Why do we need to drink water?,To change color,To stop sleeping,To become stronger instantly,To stay hydrated,To stay hydrated
Brain Boosting,Cause and Effect,Level 1,Why do we wear warm clothes in winter?,To run faster,To become healthy,To grow taller,To stay warm,To stay warm
Brain Boosting,Cause and Effect,Level 1,Why do we need food?,To stop growing,To get energy,To become invisible,To change our voice,To get energy
Brain Boosting,Cause and Effect,Level 1,Why do we breathe oxygen?,To sleep better,For our body to work,To make our hair grow,To change our height,For our body to work
Brain Boosting,Cause and Effect,Level 1,Why do plants need water?,For growth,To move around,To make noise,To fly,For growth
Brain Boosting,Cause and Effect,Level 1,Why does ice melt when heated?,Because it gets colder,Because it becomes heavier,Because it disappears,Because it gets warm,Because it gets warm
Brain Boosting,Cause and Effect,Level 1,Why do we use an umbrella in rain?,To become taller,To stay dry,To see better,To make wind,To stay dry
Brain Boosting,Cause and Effect,Level 1,Why do we brush our teeth?,To keep teeth clean,To change teeth color,To make teeth longer,To stop eating,To keep teeth clean
Brain Boosting,Cause and Effect,Level 1,Why do leaves fall from some trees?,Because of sunlight only,Seasonal changes,Because leaves can walk,Because trees move,Seasonal changes
Brain Boosting,Cause and Effect,Level 1,Why do shadows appear?,Because air stops,Because water moves,Because light is blocked,Because objects become dark,Because light is blocked
Brain Boosting,Cause and Effect,Level 1,Why do we study books?,To stop thinking,To learn new things,To make books heavy,To waste time,To learn new things
Brain Boosting,Cause and Effect,Level 1,Why do animals need food?,To change color,For energy and survival,To become humans,To fly,For energy and survival
Brain Boosting,Cause and Effect,Level 1,Why does a plant die without water?,Because it becomes a stone,Because it cannot grow,Because it moves away,Because it gets cold,Because it cannot grow
Brain Boosting,Cause and Effect,Level 1,Why do we recycle materials?,To waste resources,To stop using things,To make more pollution,To reduce waste,To reduce waste
Brain Boosting,Cause and Effect,Level 2,Why do we need sleep?,To avoid learning,To stop growing,To rest the body and brain,To become smaller,To rest the body and brain
Brain Boosting,Cause and Effect,Level 2,Why do birds have wings?,To swim underwater,To fly,To dig soil,To walk slowly,To fly
Brain Boosting,Cause and Effect,Level 2,Why do we plant trees?,To remove all animals,To get oxygen and protect nature,To stop rain,To make the sky dark,To get oxygen and protect nature
Brain Boosting,Cause and Effect,Level 2,Why does rain happen?,Because trees make water,Because rivers move upward,Water vapor forms clouds and falls,Because the sun disappears,Water vapor forms clouds and falls
Brain Boosting,Cause and Effect,Level 2,Why do we use a thermometer?,To measure weight,To measure distance,To measure speed,To measure temperature,To measure temperature
Brain Boosting,Cause and Effect,Level 2,Why do metals expand when heated?,Particles move more,They become water,They disappear,They become lighter,Particles move more
Brain Boosting,Cause and Effect,Level 2,Why do we need exercise?,To avoid movement,To stop breathing,To keep the body healthy,To lose all energy,To keep the body healthy
Brain Boosting,Cause and Effect,Level 2,Why does a ball fall when dropped?,Because it is afraid,Because of gravity,Because it becomes smaller,Because of wind,Because of gravity
Brain Boosting,Cause and Effect,Level 2,Why do we need a balanced diet?,To eat only sweets,To avoid water,To stop growing,To get different nutrients,To get different nutrients
Brain Boosting,Cause and Effect,Level 2,Why do fish live in water?,They need sunlight only,They cannot see land,They need water to survive,They need trees,They need water to survive
Brain Boosting,Cause and Effect,Level 2,Why does a plant grow toward sunlight?,It wants to move,It becomes heavier,Sunlight helps it make food,It dislikes water,Sunlight helps it make food
Brain Boosting,Cause and Effect,Level 2,Why do we see lightning before hearing thunder?,Light travels faster than sound,Sound is stronger than light,Clouds stop sound,Thunder happens first,Light travels faster than sound
Brain Boosting,Cause and Effect,Level 2,Why do fruits become ripe?,They stop growing,They become smaller instantly,They naturally change as they grow,They lose all water,They naturally change as they grow
Brain Boosting,Cause and Effect,Level 2,Why do we wear sunglasses on a sunny day?,To see in darkness,To increase heat,To protect our eyes,To make sunlight stronger,To protect our eyes
Brain Boosting,Cause and Effect,Level 2,Why does a candle go out when covered?,It becomes bigger,It becomes colder instantly,It lacks oxygen,It loses color,It lacks oxygen
Brain Boosting,Cause and Effect,Level 2,Why do we use a map?,To change weather,To make roads longer,To measure temperature,To find locations,To find locations
Brain Boosting,Cause and Effect,Level 2,Why do plants release oxygen?,Because they need no water,Because they need darkness,Because they breathe like humans,As part of photosynthesis,As part of photosynthesis
Brain Boosting,Cause and Effect,Level 2,Why does a wet cloth dry in sunlight?,Water evaporates,Cloth disappears,Cloth absorbs sunlight,Water becomes ice,Water evaporates
Brain Boosting,Cause and Effect,Level 2,Why do we have bones?,To stop movement,To make us invisible,To support and protect the body,To change our color,To support and protect the body
Brain Boosting,Cause and Effect,Level 2,Why does a plant need roots?,To absorb water and nutrients,To fly,To move around,To make sounds,To absorb water and nutrients
Brain Boosting,Cause and Effect,Level 3,Why do we see stars at night?,The sky becomes dark enough to see them,The moon creates stars,Stars appear only at night,Stars move closer to Earth,The sky becomes dark enough to see them
Brain Boosting,Cause and Effect,Level 3,Why do animals adapt to their environment?,To become humans,To stop eating,To change into plants,To survive better,To survive better
Brain Boosting,Cause and Effect,Level 3,Why does a magnet attract iron?,Because it produces water,Because of sunlight,Because iron is alive,Because of magnetic force,Because of magnetic force
Brain Boosting,Cause and Effect,Level 3,Why do we need air?,To create darkness,For breathing and survival,To make objects heavy,To stop movement,For breathing and survival
Brain Boosting,Cause and Effect,Level 3,Why does a rainbow appear after rain?,Light passes through water drops,The sun disappears,Rain creates colors directly,Clouds become colorful,Light passes through water drops
Brain Boosting,Cause and Effect,Level 3,Why do birds build nests?,To protect their eggs and babies,To catch sunlight,To change their color,To store water,To protect their eggs and babies
Brain Boosting,Cause and Effect,Level 3,Why does food spoil?,It gets more energy,It turns into water,Germs grow over time,Food becomes stronger,Germs grow over time
Brain Boosting,Cause and Effect,Level 3,Why do we need doctors?,To build houses,To teach math,To help treat illness,To make food,To help treat illness
Brain Boosting,Cause and Effect,Level 3,Why do plants grow slowly compared to humans?,They move slowly,They do not need sunlight,They cannot breathe,Their growth process takes time,Their growth process takes time
Brain Boosting,Cause and Effect,Level 3,Why does a balloon rise when filled with helium?,The balloon gets cold,The air disappears,Helium is lighter than air,The balloon becomes heavier,Helium is lighter than air
Brain Boosting,Cause and Effect,Level 3,Why do we conserve electricity?,To stop using machines,To make lights brighter forever,To increase pollution,To save energy resources,To save energy resources
Brain Boosting,Cause and Effect,Level 3,Why do animals hibernate in winter?,To change species,To grow faster,To learn new skills,To save energy during cold periods,To save energy during cold periods
Brain Boosting,Cause and Effect,Level 3,Why does a plant bend toward light?,It loses water,It wants to escape,It becomes heavier,It helps get more sunlight,It helps get more sunlight
Brain Boosting,Cause and Effect,Level 3,Why do we wash fruits before eating?,To change taste,To make them bigger,To remove vitamins,To remove dirt and germs,To remove dirt and germs
Brain Boosting,Cause and Effect,Level 3,Why does a mirror show our reflection?,Because of heat,The mirror creates a person,Light reflects from the surface,Because of sound,Light reflects from the surface
Brain Boosting,Cause and Effect,Level 3,Why do we see our reflection in water?,Water creates images,Because of sound,Water produces light,Light reflects from the surface,Light reflects from the surface
Brain Boosting,Cause and Effect,Level 3,Why do plants need carbon dioxide?,To change color,To make food during photosynthesis,To grow without water,To produce noise,To make food during photosynthesis
Brain Boosting,Cause and Effect,Level 3,Why does a metal spoon feel cold?,It produces water,It creates ice,Metal transfers heat quickly,It has no temperature,Metal transfers heat quickly
Brain Boosting,Cause and Effect,Level 3,Why do we open windows in a room?,To stop sunlight,To remove furniture,To make the room smaller,To allow fresh air inside,To allow fresh air inside
Brain Boosting,Cause and Effect,Level 3,Why does a plant grow weak without sunlight?,It cannot make enough food,It changes into an animal,It stops needing water,It becomes too heavy,It cannot make enough food
Brain Boosting,Cause and Effect,Level 4,Why do we get a shadow behind an object?,The object blocks light,The object absorbs air,The object creates darkness,The object produces smoke,The object blocks light
Brain Boosting,Cause and Effect,Level 4,Why does salt dissolve in water?,Water disappears,Salt becomes a gas,Water changes into salt,Salt particles mix with water,Salt particles mix with water
Brain Boosting,Cause and Effect,Level 4,Why do we need a helmet while riding a bicycle?,To avoid exercise,To protect the head,To make the bicycle heavier,To increase speed,To protect the head
Brain Boosting,Cause and Effect,Level 4,Why do birds migrate?,To stop breathing,To change their color,To learn flying,To find food and suitable climate,To find food and suitable climate
Brain Boosting,Cause and Effect,Level 4,Why does a seed need soil?,To avoid sunlight,To get nutrients and support,To produce sound,To become an animal,To get nutrients and support
Brain Boosting,Cause and Effect,Level 4,Why does a rubber band return to its shape?,It has no weight,It is elastic,It becomes liquid,It produces heat,It is elastic
Brain Boosting,Cause and Effect,Level 4,Why do we need a battery in a toy car?,To make it heavier,To add color,To stop movement,To provide energy,To provide energy
Brain Boosting,Cause and Effect,Level 4,Why do clouds form?,Clouds are solid objects,Sun creates clouds directly,Water vapor cools and condenses,Clouds are made from smoke,Water vapor cools and condenses
Brain Boosting,Cause and Effect,Level 4,Why do we hear echoes?,Sound waves reflect back,Sound becomes light,Sound disappears,Air stops moving,Sound waves reflect back
Brain Boosting,Cause and Effect,Level 4,Why do humans sweat?,To increase body heat,To lose all water,To cool the body,To stop movement,To cool the body
Brain Boosting,Cause and Effect,Level 4,Why do we see the moon at night?,It moves away from Earth,It produces its own light,It reflects sunlight,It is a star,It reflects sunlight
Brain Boosting,Cause and Effect,Level 4,Why does bread become hard after many days?,It gains water,It gets more energy,It becomes metal,It loses moisture and changes,It loses moisture and changes
Brain Boosting,Cause and Effect,Level 4,Why do we use fertilizer in farming?,To provide nutrients to plants,To remove sunlight,To stop plant growth,To make soil disappear,To provide nutrients to plants
Brain Boosting,Cause and Effect,Level 4,Why does a boat float on water?,It becomes invisible,Its shape helps it stay on water,It produces air,It has no weight,Its shape helps it stay on water
Brain Boosting,Cause and Effect,Level 4,Why do we feel hot near fire?,Fire produces water,Fire creates cold,Fire releases heat,Fire removes air,Fire releases heat
Brain Boosting,Cause and Effect,Level 4,Why do plants lose water from leaves?,Because of darkness,Because leaves drink water,Through transpiration,Because roots stop working,Through transpiration
Brain Boosting,Cause and Effect,Level 4,Why do we use sunscreen?,To make skin colder,To create sunlight,To increase heat,To protect skin from harmful sunlight,To protect skin from harmful sunlight
Brain Boosting,Cause and Effect,Level 4,Why do we need clean water?,For health and survival,To remove oxygen,To stop plants growing,To make pollution,For health and survival
Brain Boosting,Cause and Effect,Level 4,Why does a ball bounce?,It has no weight,Gravity stops working,It creates energy,The material is elastic,The material is elastic
Brain Boosting,Cause and Effect,Level 4,Why do we plant more trees?,To increase pollution,To stop rainfall,To reduce oxygen,To improve the environment,To improve the environment
Brain Boosting,Problem Solving,Level 1,You see a burning paper on the ground. What should you do?,Touch it quickly,Ignore it,Throw more paper on it,Pour water or inform an adult,Pour water or inform an adult
Brain Boosting,Problem Solving,Level 1,Your friend falls and gets hurt. What should you do?,Laugh at them,Ignore them,Help and inform an adult,Run away,Help and inform an adult
Brain Boosting,Problem Solving,Level 1,You find a lost wallet on the road. What should you do?,Hide it,Keep it,Throw it away,Inform an adult or authority,Inform an adult or authority
Brain Boosting,Problem Solving,Level 1,You are crossing a road. What is the safest way?,Cross when traffic is clear,Run fast without looking,Cross while talking on phone,Cross with eyes closed,Cross when traffic is clear
Brain Boosting,Problem Solving,Level 1,You forgot your homework at home. What should you do?,Run away from class,Blame a friend,Inform the teacher honestly,Lie to the teacher,Inform the teacher honestly
Brain Boosting,Problem Solving,Level 1,You see a stranger asking you to come with them. What should you do?,Go with them immediately,Talk and follow them,Keep it secret,Refuse and tell a trusted adult,Refuse and tell a trusted adult
Brain Boosting,Problem Solving,Level 1,Your friend is copying in an exam. What should you do?,Ignore and cheat later,Help them cheat,Copy too,Inform the teacher,Inform the teacher
Brain Boosting,Problem Solving,Level 1,You see trash on the floor in your classroom. What should you do?,Pick it up and throw in dustbin,Step on it,Throw more trash,Leave it there,Pick it up and throw in dustbin
Brain Boosting,Problem Solving,Level 1,You are feeling sick in school. What should you do?,Inform the teacher,Never tell anyone,Sleep in class,Ignore it,Inform the teacher
Brain Boosting,Problem Solving,Level 1,You find a sharp object on the road. What should you do?,Ignore it,Play with it,Touch it carefully,Pick and throw safely or inform an adult,Pick and throw safely or inform an adult
Brain Boosting,Problem Solving,Level 1,Your friend is sad. What should you do?,Comfort and talk to them,Laugh at them,Ignor them,Take their things,Comfort and talk to them
Brain Boosting,Problem Solving,Level 1,You see someone stealing in a shop. What should you do?,Tell a responsible adult,Shout loudly and help catch them,Join them,Ignore and leave,Tell a responsible adult
Brain Boosting,Problem Solving,Level 1,You are late for school. What should you do?,Run on the road carelessly,Lie and go home,Skip school,Run safely and inform teacher,Run safely and inform teacher
Brain Boosting,Problem Solving,Level 1,You drop juice on the floor. What should you do?,Spread it more,Play in it,Leave it,Clean it or inform someone,Clean it or inform someone
Brain Boosting,Problem Solving,Level 1,Your pencil breaks during class. What should you do?,Ask for help politely,Get angry and leave,Throw books,Shout loudly,Ask for help politely
Brain Boosting,Problem Solving,Level 2,You see rain starting while outside. What should you do?,Stay in open area,Run under safe shelter,Play in rain during storm,Ignore it,Run under safe shelter
Brain Boosting,Problem Solving,Level 2,You forgot to bring lunch. What should you do?,Inform teacher or share politely,Stay hungry and cry,Take food from strangers,Leave school,Inform teacher or share politely
Brain Boosting,Problem Solving,Level 2,You see electricity wire on the ground. What should you do?,Pull it,Stay away and inform an adult,Play near it,Touch it,Stay away and inform an adult
Brain Boosting,Problem Solving,Level 2,Your friend is being bullied. What should you do?,Laugh at them,Help and inform teacher,Ignore completely,Join bullying,Help and inform teacher
Brain Boosting,Problem Solving,Level 2,You accidentally break a glass at home. What should you do?,Blame someone else,Tell an adult honestly,Hide it,Play with pieces,Tell an adult honestly
Brain Boosting,Problem Solving,Level 2,You see smoke in a building. What should you do?,Stay and watch,Go inside,Play near it,Run out and inform adults,Run out and inform adults
Brain Boosting,Problem Solving,Level 2,You find money on school ground. What should you do?,Inform teacher or return it,Spend it immediately,Keep it,Hide it,Inform teacher or return it
Brain Boosting,Problem Solving,Level 2,You see a child lost in a market. What should you do?,Take them home alone,Help find their parents or inform authority,Ignore them,Walk away,Help find their parents or inform authority
Brain Boosting,Problem Solving,Level 2,You are asked to lie by a friend. What should you do?,Ignore rules,Lie immediately,Follow blindly,Refuse politely and tell truth,Refuse politely and tell truth
Brain Boosting,Problem Solving,Level 2,You spill water on floor at home. What should you do?,Inform and clean it,Make it slippery,Leave it,Ignore it,Inform and clean it
Brain Boosting,Problem Solving,Level 2,You see a dog acting aggressive. What should you do?,Run toward it,Shout and provoke it,Touch it,Stay calm and move away slowly,Stay calm and move away slowly
Brain Boosting,Problem Solving,Level 2,You see someone injured on the road. What should you do?,Take their belongings,Help and call an adult or emergency service,Ignore and walk away,Move them without care,Help and call an adult or emergency service
Brain Boosting,Problem Solving,Level 2,Your mobile phone falls in water. What should you do?,Turn it on immediately,Charge it quickly,Dry it safely and inform an adult,Shake it hard,Dry it safely and inform an adult
Brain Boosting,Problem Solving,Level 2,You are playing and break a window. What should you do?,Blame someone else,Tell the truth to an adult,Run away,Hide it,Tell the truth to an adult
Brain Boosting,Problem Solving,Level 2,You see a fire in a kitchen. What should you do?,Play near it,Ignor it,Touch it carefully,Use water or alert an adult,Use water or alert an adult
Brain Boosting,Problem Solving,Level 2,You lost your school bag. What should you do?,Inform teacher and retrace steps,Panic and cry,Blame a friend,Buy a new one immediately,Inform teacher and retrace steps
Brain Boosting,Problem Solving,Level 2,Someone offers you unknown food on the street. What should you do?,Take it secretly,Share with friends,Refuse politely and inform an adult,Eat immediately,Refuse politely and inform an adult
Brain Boosting,Problem Solving,Level 2,You see a stranger following you. What should you do?,Run into a crowded place,Go with them,Ignore and continue walking,Talk normally,Run into a crowded place
Brain Boosting,Problem Solving,Level 2,You are online and see a suspicious message. What should you do?,Ignore and inform an adult,Reply immediately,Share personal info,Block and forget,Ignore and inform an adult
Brain Boosting,Problem Solving,Level 2,You forget to bring money to school canteen. What should you do?,Inform teacher or friend politely,Skip school,Take without paying,Steal food,Inform teacher or friend politely
Brain Boosting,Problem Solving,Level 3,You see a snake on the road. What should you do?,Run away calmly and inform adults,Touch it slowly,Throw stones,Play near it,Run away calmly and inform adults
Brain Boosting,Problem Solving,Level 3,Your friend is cheating in a game. What should you do?,Tell them to play fairly,Laugh at them,Join them,Ignore and cheat too,Tell them to play fairly
Brain Boosting,Problem Solving,Level 3,You feel very angry. What should you do?,Calm down and talk,Break things,Hit someone,Scream loudly,Calm down and talk
Brain Boosting,Problem Solving,Level 3,You see broken glass on the floor. What should you do?,Play with it,Step on it carefully,Inform an adult and stay away,Pick it with bare hands,Inform an adult and stay away
Brain Boosting,Problem Solving,Level 3,You find a sick bird. What should you do?,Play with it,Ignore it,Take it home without care,Inform an adult or animal rescue,Inform an adult or animal rescue
Brain Boosting,Problem Solving,Level 3,You forgot to study for a test. What should you do?,Run away,Skip exam,Do your best honestly,Cheat in exam,Do your best honestly
Brain Boosting,Problem Solving,Level 3,"You see a door marked ""Do Not Enter"". What should you do?",Enter anyway,Ignore and enter,Respect the sign and stay out,Break the door,Respect the sign and stay out
Brain Boosting,Problem Solving,Level 3,You are asked to keep a dangerous secret. What should you do?,Refuse and tell a trusted adult,Follow blindly,Keep it always,Forget it,Refuse and tell a trusted adult
Brain Boosting,Problem Solving,Level 3,You are stuck in a lift. What should you do?,Run inside,Try to force doors,Panic and jump,Press alarm and wait calmly,Press alarm and wait calmly
Brain Boosting,Problem Solving,Level 3,You see someone littering in public. What should you do?,Join them,Ignore it,Throw more trash,Encourage clean behavior,Encourage clean behavior
Brain Boosting,Problem Solving,Level 3,You are lost in a market. What should you do?,Cry alone,Walk away randomly,Ask a shopkeeper or police for help,Hide somewhere,Ask a shopkeeper or police for help
Brain Boosting,Problem Solving,Level 3,You see medicine at home. What should you do?,Take it without asking,Ask an adult before using it,Share with friends,Taste it,Ask an adult before using it
Brain Boosting,Problem Solving,Level 3,You hear a loud alarm in school. What should you do?,Ignore it,Follow teacher instructions,Continue playing,Run outside alone,Follow teacher instructions
Brain Boosting,Problem Solving,Level 3,You see someone faint in class. What should you do?,Move them alone,Inform teacher immediately,Laugh at them,Ignore them,Inform teacher immediately
Brain Boosting,Problem Solving,Level 3,You accidentally hurt a friend. What should you do?,Run away,Say sorry and help them,Blame them,Laugh at them,Say sorry and help them
Brain Boosting,Problem Solving,Level 3,You find a broken electrical device. What should you do?,Play with it,Plug it in,Touch and fix it,Tell an adult and stay away,Tell an adult and stay away
Brain Boosting,Problem Solving,Level 3,You see a child drowning in shallow water. What should you do?,Record a video,Ignore it,Call for help immediately and find an adult,Jump in without thinking,Call for help immediately and find an adult
Brain Boosting,Problem Solving,Level 3,You find a hot boiling pot on the stove. What should you do?,Touch it quickly,Pour cold water immediately,Turn it off without help,Stay away and inform an adult,Stay away and inform an adult
Brain Boosting,Problem Solving,Level 3,Your friend wants you to skip school. What should you do?,Stop studying,Follow secretly,Agree immediately,Refuse and inform a teacher or parent,Refuse and inform a teacher or parent
Brain Boosting,Problem Solving,Level 3,You see a road accident. What should you do?,Ignore and continue walking,Take pictures only,Call emergency help and inform adults,Run into traffic,Call emergency help and inform adults
Brain Boosting,Problem Solving,Level 4,You are offered money by a stranger to go with them. What should you do?,Accept it,Refuse and move to a safe place,Follow them quietly,Take money and go,Refuse and move to a safe place
Brain Boosting,Problem Solving,Level 4,You see someone faint in a crowded place. What should you do?,Step over them,Ask for help and call an adult,Ignore them,Shake them aggressively,Ask for help and call an adult
Brain Boosting,Problem Solving,Level 4,You find a sharp knife on the floor. What should you do?,Pick it carefully and give to an adult,Throw it randomly,Ignore it,Play with it,Pick it carefully and give to an adult
Brain Boosting,Problem Solving,Level 4,You are stuck in heavy rain without shelter. What should you do?,Play in rainwater,Stand in open field,Run to a safe building or shelter,Keep walking slowly,Run to a safe building or shelter
Brain Boosting,Problem Solving,Level 4,Your friend is spreading a rumor about you. What should you do?,Gossip more,Ignore completely always,Calmly talk and inform a teacher,Start a fight,Calmly talk and inform a teacher
Brain Boosting,Problem Solving,Level 4,You see a chemical spill in lab. What should you do?,Touch it carefully,Run away and inform teacher immediately,Clean it yourself,Taste it,Run away and inform teacher immediately
Brain Boosting,Problem Solving,Level 4,You feel lost in a new city. What should you do?,Ask a trusted person or police for help,Follow strangers,Walk randomly,Sit alone and cry,Ask a trusted person or police for help
Brain Boosting,Problem Solving,Level 4,You find a broken glass bottle in playground. What should you do?,Throw it at friends,Pick it safely or inform teacher,Play with it,Step on it,Pick it safely or inform teacher
Brain Boosting,Problem Solving,Level 4,Your computer shows a warning pop-up. What should you do?,Download unknown files,Close it and inform an adult,Click everything,Ignore and continue,Close it and inform an adult
Brain Boosting,Problem Solving,Level 4,You see a fire alarm ringing. What should you do?,Turn it off yourself,Play near alarm,Follow evacuation instructions,Ignore it and stay inside,Follow evacuation instructions
Brain Boosting,Problem Solving,Level 4,You accidentally hurt your sibling. What should you do?,Blame them,Run away,Laugh at them,Apologize and help them,Apologize and help them
Brain Boosting,Problem Solving,Level 4,You are given wrong change in shop. What should you do?,Take more money,Keep extra money,Tell the shopkeeper honestly,Run away,Tell the shopkeeper honestly
Brain Boosting,Problem Solving,Level 4,You find a dangerous insect at home. What should you do?,Play with it,Ignore it,Inform an adult,Touch it carefully,Inform an adult
Brain Boosting,Problem Solving,Level 4,You see someone cheating in an exam. What should you do?,Tell teacher quietly,Join them,Ignore and copy,Help them cheat,Tell teacher quietly
Brain Boosting,Problem Solving,Level 4,You are unsure about crossing a busy road. What should you do?,Run quickly alone,Close eyes and cross,Wait for safe signal or adult help,Cross while running,Wait for safe signal or adult help
Brain Boosting,Problem Solving,Level 4,You see a dog injured on road. What should you do?,Take it home without help,Inform an adult or animal rescue,Ignore it,Throw stones,Inform an adult or animal rescue
Brain Boosting,Problem Solving,Level 4,You are feeling very sleepy in class. What should you do?,Sleep on desk,Run away,Stop listening,Tell teacher politely and stay attentive,Tell teacher politely and stay attentive
Brain Boosting,Problem Solving,Level 4,You see a broken chair in classroom. What should you do?,Sit on it carefully,Take it home,Inform teacher to fix it,Break it more,Inform teacher to fix it
Brain Boosting,Problem Solving,Level 4,You see smoke coming from an electrical socket. What should you do?,Turn off power and inform adult,Touch it,Ignore it,Pour water immediately,Turn off power and inform adult
Brain Boosting,Problem Solving,Level 4,You are in a crowded place and lost your parents. What should you do?,Go to security or police for help,Run away further,Cry and hide,Follow strangers,Go to security or police for help
Brain Boosting,What Would Happen,Level 1,What would happen if there were no sun?,Plants would grow faster,Rivers would boil,Day and night would stop existing everywhere instantly,It would be dark and cold,It would be dark and cold
Brain Boosting,What Would Happen,Level 1,What would happen if humans could not sleep?,People would become stronger,The body and brain would become tired and unhealthy,Humans would never feel hunger,They would gain more energy permanently,The body and brain would become tired and unhealthy
Brain Boosting,What Would Happen,Level 1,What would happen if plants had no leaves?,They would turn into animals,They would grow faster,They could not make enough food,They would make more food,They could not make enough food
Brain Boosting,What Would Happen,Level 1,What would happen if there was no gravity?,Everything would float away,Water would freeze instantly,People would walk faster,Day would become longer,Everything would float away
Brain Boosting,What Would Happen,Level 1,What would happen if there were no bees?,Food would become tastier,Crop pollination would decrease,More fruits would grow,Trees would stop needing water,Crop pollination would decrease
Brain Boosting,What Would Happen,Level 1,What would happen if we never had rain?,Water sources would dry up quickly,More plants would grow automatically,Floods would increase,Seas would become fresh instantly,Water sources would dry up quickly
Brain Boosting,What Would Happen,Level 1,What would happen if humans never brushed their teeth?,People would not need food,Teeth would decay and cause problems,Teeth would become cleaner,Teeth would grow stronger,Teeth would decay and cause problems
Brain Boosting,What Would Happen,Level 1,What would happen if there were no schools?,People would have less structured education,Learning would stop completely everywhere,Everyone would learn faster,All children would become doctors immediately,People would have less structured education
Brain Boosting,What Would Happen,Level 1,What would happen if all animals became extinct?,Ecosystem balance would improve,Weather would become stable permanently,Plants would stop growing forever,Food chains would be disrupted,Food chains would be disrupted
Brain Boosting,What Would Happen,Level 1,What would happen if the Earth stopped rotating?,Day and night cycle would stop,Seasons would become same everywhere,Time zones would disappear completely instantly,People would not age,Day and night cycle would stop
Brain Boosting,What Would Happen,Level 1,What would happen if we could not hear sound?,Eyes would become stronger instantly,Communication through sound would not work properly,Music would become louder,People would fly,Communication through sound would not work properly
Brain Boosting,What Would Happen,Level 1,What would happen if plants produced no oxygen?,Water would become oxygen,Humans and animals would struggle to breathe,Air quality would improve,More forests would grow faster,Humans and animals would struggle to breathe
Brain Boosting,What Would Happen,Level 1,What would happen if fire had no heat?,Fire would not be useful for warmth or cooking,It would still cook food normally,Ice would melt instantly,Everything would burn faster,Fire would not be useful for warmth or cooking
Brain Boosting,What Would Happen,Level 1,What would happen if humans had no bones?,People would run faster,Bones would become flexible tools,They would be stronger,Bodies would not have proper structure,Bodies would not have proper structure
Brain Boosting,What Would Happen,Level 2,What would happen if there were no insects?,All animals would become stronger,Some ecosystems would become unbalanced,Weather would stop changing,Plants would pollinate faster,Some ecosystems would become unbalanced
Brain Boosting,What Would Happen,Level 2,What would happen if we never ate food?,Bodies would grow stronger,Humans would not survive,Humans would have more energy,longer lifespan automatically,Humans would not survive
Brain Boosting,What Would Happen,Level 2,What would happen if there were no oceans?,Rivers would become endless,Rain would increase,Fish would grow on land,Water cycle would be disrupted,Water cycle would be disrupted
Brain Boosting,What Would Happen,Level 2,What would happen if magnets stopped working?,Metal objects would float,All electricity would stop instantly,Gravity would increase,Some devices would not function properly,Some devices would not function properly
Brain Boosting,What Would Happen,Level 2,What would happen if humans could not feel pain?,They would become immortal,They would be safer,They would never get sick,They might get injured without noticing,They might get injured without noticing
Brain Boosting,What Would Happen,Level 2,What would happen if there were no clouds?,Rivers would disappear instantly,Water cycle would be affected,It would always rain,Everything would freeze,Water cycle would be affected
Brain Boosting,What Would Happen,Level 2,What would happen if all roads disappeared?,Cars would fly automatically,Travel would become easier,Houses would move closer,Transportation would become very difficult,Transportation would become very difficult
Brain Boosting,What Would Happen,Level 2,What would happen if the sun was much hotter?,Seasons would disappear,Water would turn into metal,Nothing would change,Many places could become too hot to live,Many places could become too hot to live
Brain Boosting,What Would Happen,Level 2,What would happen if there were no languages?,People would not understand each other,Learning would become faster,Humans would not need memory,Communication would be easier,People would not understand each other
Brain Boosting,What Would Happen,Level 2,What would happen if trees stopped growing?,Rain would increase automatically,Animals would become plants,Environmental balance would be affected,Forests would expand,Environmental balance would be affected
Brain Boosting,What Would Happen,Level 2,What would happen if all ice on Earth melted?,Sea levels would rise,Weather would never change,All oceans would disappear,Plants would stop needing water,Sea levels would rise
Brain Boosting,What Would Happen,Level 2,What would happen if people stopped recycling?,Nature would become cleaner,Resources would increase automatically,All garbage would disappear,Waste would increase,Waste would increase
Brain Boosting,What Would Happen,Level 2,What would happen if there were no electricity?,People would not need energy,Many machines and devices would stop working,Cars would fly,Everything would become faster,Many machines and devices would stop working
Brain Boosting,What Would Happen,Level 2,What would happen if all trees were cut down?,New forests would grow instantly,Air quality would become worse,Animals would need less food,More oxygen would be produced,Air quality would become worse
Brain Boosting,What Would Happen,Level 2,What would happen if humans could breathe underwater?,They could explore oceans more easily,They would stop needing food,Oceans would disappear,Fish would live on land,They could explore oceans more easily
Brain Boosting,What Would Happen,Level 2,What would happen if the Moon disappeared?,Tides would be affected,Stars would vanish,Earth would stop existing immediately,The sun would disappear,Tides would be affected
Brain Boosting,What Would Happen,Level 2,What would happen if everyone planted more trees?,Water would stop flowing,Animals would disappear,Air quality could improve,Pollution would increase,Air quality could improve
Brain Boosting,What Would Happen,Level 2,What would happen if people wasted too much water?,Rivers would become larger,Plants would not need water,More clean water would appear,Water resources could decrease,Water resources could decrease
Brain Boosting,What Would Happen,Level 2,What would happen if all computers stopped working?,Many digital tasks would be affected,Books would disappear,People would stop sleeping,Food production would end completely,Many digital tasks would be affected
Brain Boosting,What Would Happen,Level 2,What would happen if there were no farmers?,More food would grow automatically,Rivers would dry instantly,Animals would become farmers,Food production would be affected,Food production would be affected
Brain Boosting,What Would Happen,Level 3,What would happen if humans never exercised?,People would become stronger instantly,People would never get tired,Muscles would disappear completely,The body could become weaker,The body could become weaker
Brain Boosting,What Would Happen,Level 3,What would happen if all rivers dried up?,Rain would stop forever everywhere,Water supply would be affected,More fish would appear,Plants would grow faster,Water supply would be affected
Brain Boosting,What Would Happen,Level 3,What would happen if the Earth had no atmosphere?,People could breathe better,Life would not survive easily,Birds would fly higher,Weather would become normal,Life would not survive easily
Brain Boosting,What Would Happen,Level 3,What would happen if everyone threw garbage anywhere?,Recycling would increase,The environment would become polluted,Animals would be safer,Streets would become cleaner,The environment would become polluted
Brain Boosting,What Would Happen,Level 3,What would happen if all animals could talk?,Communication with animals would be possible,Humans would stop talking,Animals would disappear,Plants would stop growing,Communication with animals would be possible
Brain Boosting,What Would Happen,Level 3,What would happen if humans never used cars?,Roads would disappear instantly,Fuel would become unlimited,Pollution would always increase,Transportation methods would change,Transportation methods would change
Brain Boosting,What Would Happen,Level 3,What would happen if all plants became extinct?,Food chains would be damaged,More oxygen would be created,Deserts would become forests,Animals would need less food,Food chains would be damaged
Brain Boosting,What Would Happen,Level 3,What would happen if there was no wind?,Trees would grow instantly,Weather patterns could change,Rain would stop forever,People could fly easily,Weather patterns could change
Brain Boosting,What Would Happen,Level 3,What would happen if humans lived without rules?,Society could become unsafe,There would be no problems,People would become stronger,Everyone would always agree,Society could become unsafe
Brain Boosting,What Would Happen,Level 3,What would happen if all mountains disappeared?,Rivers would stop instantly,Animals would become humans,More mountains would appear,Land and climate patterns would change,Land and climate patterns would change
Brain Boosting,What Would Happen,Level 3,What would happen if every person saved electricity?,Power would disappear forever,Devices would stop working,Energy would be conserved,More pollution would happen,Energy would be conserved
Brain Boosting,What Would Happen,Level 3,What would happen if humans could not communicate?,Sharing ideas would become difficult,People would learn faster,Schools would not be needed,Everyone would understand each other,Sharing ideas would become difficult
Brain Boosting,What Would Happen,Level 3,What would happen if there were no hospitals?,People would never get injured,Treating serious illnesses would become harder,Doctors would disappear from history,Everyone would stay healthy automatically,Treating serious illnesses would become harder
Brain Boosting,What Would Happen,Level 3,What would happen if all water became salty?,Drinking water would become limited,Plants would grow faster,Animals would not need water,Oceans would disappear,Drinking water would become limited
Brain Boosting,What Would Happen,Level 3,What would happen if humans discovered a new planet?,Earth would disappear instantly,The sun would stop shining,All animals would leave Earth,Scientists would study and explore it,Scientists would study and explore it
Brain Boosting,What Would Happen,Level 3,What would happen if everyone washed their hands regularly?,Water would disappear,People would never need food,Germs could spread less easily,People would stop getting older,Germs could spread less easily
Brain Boosting,What Would Happen,Level 3,What would happen if there were no sunlight for plants?,Flowers would become bigger instantly,Plants would grow faster,Plants would struggle to make food,Trees would move around,Plants would struggle to make food
Brain Boosting,What Would Happen,Level 3,What would happen if all birds lost their ability to fly?,They would stop eating,They would need to adapt to survive,They would disappear immediately,They would become fish,They would need to adapt to survive
Brain Boosting,What Would Happen,Level 3,What would happen if people never learned new things?,Schools would become unnecessary,Knowledge and skills would not improve,Everyone would become smarter,Technology would grow faster,Knowledge and skills would not improve
Brain Boosting,What Would Happen,Level 3,What would happen if there were no seasons?,Plants would stop needing water,The Earth would stop rotating,Weather patterns and farming could change,Animals would become extinct instantly,Weather patterns and farming could change
Brain Boosting,What Would Happen,Level 4,What would happen if all cars used clean energy?,Fuel would disappear instantly,Air pollution could reduce,Roads would stop existing,Cars would become slower,Air pollution could reduce
Brain Boosting,What Would Happen,Level 4,What would happen if people cut down too many forests?,Air would become cleaner automatically,More forests would grow,Animals would lose habitats,Rain would increase everywhere,Animals would lose habitats
Brain Boosting,What Would Happen,Level 4,What would happen if gravity became weaker?,Objects would feel lighter,The sun would disappear,Water would turn into fire,People would become stronger,Objects would feel lighter
Brain Boosting,What Would Happen,Level 4,What would happen if humans never used books?,All languages would disappear instantly,People would become invisible,Computers would stop working,Learning from written information would decrease,Learning from written information would decrease
Brain Boosting,What Would Happen,Level 4,What would happen if all insects disappeared?,Many food chains would be affected,Oceans would dry up,Plants would never need sunlight,Animals would grow faster,Many food chains would be affected
Brain Boosting,What Would Happen,Level 4,What would happen if people ignored traffic rules?,Accidents could increase,Traffic would disappear,Cars would stop moving,Roads would become safer,Accidents could increase
Brain Boosting,What Would Happen,Level 4,What would happen if humans had unlimited clean energy?,Nature would disappear instantly,People would stop learning,The Earth would stop rotating,Energy problems could reduce,Energy problems could reduce
Brain Boosting,What Would Happen,Level 4,What would happen if all food became unhealthy?,Everyone would live longer,People would become stronger,Doctors would not be needed,Health problems could increase,Health problems could increase
Brain Boosting,What Would Happen,Level 4,What would happen if there were no oceans?,All animals would fly,The Earth would become smaller,Many weather systems would change,Rivers would increase automatically,Many weather systems would change
Brain Boosting,What Would Happen,Level 4,What would happen if people saved more water?,Rivers would disappear,Plants would stop growing,There would be more pollution,Water resources could last longer,Water resources could last longer
Brain Boosting,What Would Happen,Level 4,What would happen if the Earth was closer to the Sun?,The temperature could become much higher,Plants would need no water,The Moon would disappear,There would be no gravity,The temperature could become much higher
Brain Boosting,What Would Happen,Level 4,What would happen if humans could not see colors?,Everything would become brighter,People would stop walking,People would not hear sounds,Recognizing colors would become difficult,Recognizing colors would become difficult
Brain Boosting,What Would Happen,Level 4,What would happen if there were no computers in hospitals?,Patients would never get sick,Medicine would stop existing,Doctors would disappear,Some medical work could become harder,Some medical work could become harder
Brain Boosting,What Would Happen,Level 4,What would happen if all people planted one tree?,All forests would disappear,More greenery could be created,Animals would have no homes,Air would become polluted,More greenery could be created
Brain Boosting,What Would Happen,Level 4,What would happen if there was no oxygen in air?,Humans and animals could not survive,Water would disappear,Plants would grow faster,Fire would burn more,Humans and animals could not survive
Brain Boosting,What Would Happen,Level 4,What would happen if humans stopped using plastic?,All oceans would disappear,Factories would stop forever,Animals would stop eating,Plastic pollution could reduce,Plastic pollution could reduce
Brain Boosting,What Would Happen,Level 4,What would happen if the Moon became larger?,Earth would stop moving,The Sun would disappear,Effects on tides could change,Plants would stop growing,Effects on tides could change
Brain Boosting,What Would Happen,Level 4,What would happen if everyone helped each other?,Problems would increase,Communities could become stronger,People would stop learning,Nature would disappear,Communities could become stronger
Brain Boosting,What Would Happen,Level 4,What would happen if humans explored space more?,Gravity would disappear,We could learn more about the universe,Stars would stop shining,The Earth would vanish,We could learn more about the universe
Brain Boosting,What Would Happen,Level 4,What would happen if animals had no homes in nature?,They would live without habitats,They would stop needing food,They would all become pets,Their survival would become difficult,Their survival would become difficult
Brain Boosting,Ethical Decisions,Level 1,Your friend forgot his pencil. What should you do?,Ignore him,Hide your pencil,Laugh at him,Help him if possible,Help him if possible
Brain Boosting,Ethical Decisions,Level 1,Your friend is new in school. What should you do?,Ignore them,Welcome and help them,Hide their books,Bother them,Welcome and help them
Brain Boosting,Ethical Decisions,Level 1,You see someone dropping their books. What should you do?,Step on the books,Help pick them up,Laugh at them,Walk away,Help pick them up
Brain Boosting,Ethical Decisions,Level 1,Your friend is feeling sad. What should you do?,Ask what is wrong and support them,Make fun of them,Tell others about it,Ignore them,Ask what is wrong and support them
Brain Boosting,Ethical Decisions,Level 1,Someone gives you a gift. What should you do?,Say thank you,Throw it away,Ignore the person,Ask for more immediately,Say thank you
Brain Boosting,Ethical Decisions,Level 1,You see a classmate struggling with homework. What should you do?,Laugh at them,Do their homework without asking,Ignore them,Help or explain politely,Help or explain politely
Brain Boosting,Ethical Decisions,Level 1,Your friend wins a competition. What should you do?,Feel angry,Congratulate them,Try to spoil their success,Ignore them,Congratulate them
Brain Boosting,Ethical Decisions,Level 1,You make a mistake and hurt someone. What should you do?,Ignore it,Blame them,Say sorry and correct it,Run away,Say sorry and correct it
Brain Boosting,Ethical Decisions,Level 1,You borrow a book from a friend. What should you do?,Keep it forever,Damage it,Lose it,Return it on time,Return it on time
Brain Boosting,Ethical Decisions,Level 1,Your friend shares a secret with you. What should you do?,Make jokes about it,Tell everyone,Post it online,Respect their privacy,Respect their privacy
Brain Boosting,Ethical Decisions,Level 1,You see someone being bullied. What should you do?,Help and inform an adult,Laugh at them,Join the bullying,Ignore always,Help and inform an adult
Brain Boosting,Ethical Decisions,Level 1,Your sibling needs help. What should you do?,Make fun of them,Hide their things,Refuse always,Help if you can,Help if you can
Brain Boosting,Ethical Decisions,Level 1,Your friend has a different opinion. What should you do?,Stop talking forever,Insult them,Respect their opinion,Fight with them,Respect their opinion
Brain Boosting,Ethical Decisions,Level 1,You see someone sitting alone during lunch. What should you do?,Invite them to join,Take their food,Laugh at them,Ignore them,Invite them to join
Brain Boosting,Ethical Decisions,Level 1,Your friend shares a success with you. What should you do?,Make a negative comment,Ignore them,Celebrate with them,Feel jealous,Celebrate with them
Brain Boosting,Ethical Decisions,Level 2,You accidentally break something at home. What should you do?,Blame someone else,Tell the truth,Hide it,Run away,Tell the truth
Brain Boosting,Ethical Decisions,Level 2,You see an elderly person carrying heavy bags. What should you do?,Ignore them,Take their bags without asking,Laugh at them,Offer help,Offer help
Brain Boosting,Ethical Decisions,Level 2,Your friend is learning something slowly. What should you do?,Make fun of them,Be patient and help,Give up on them,Stop talking,Be patient and help
Brain Boosting,Ethical Decisions,Level 2,You disagree with your teacher. What should you do?,Argue rudely,Ignore the teacher,Ask politely and explain your view,Shout,Ask politely and explain your view
Brain Boosting,Ethical Decisions,Level 2,You see someone cleaning the classroom. What should you do?,Ignore them,Disturb them,Make more mess,Help keep it clean,Help keep it clean
Brain Boosting,Ethical Decisions,Level 2,Your friend forgets their lunch. What should you do?,Share if possible,Laugh at them,Hide your food,Ignore them,Share if possible
Brain Boosting,Ethical Decisions,Level 2,Someone apologizes to you. What should you do?,Accept their apology,Insult them,Ignore forever,Keep fighting,Accept their apology
Brain Boosting,Ethical Decisions,Level 2,You see someone being kind to others. What should you do?,Appreciate kindness,Stop them,Ignore completely,Make fun of them,Appreciate kindness
Brain Boosting,Ethical Decisions,Level 2,You make a promise to your friend. What should you do?,Keep your promise,Lie about it,Break it intentionally,Forget it,Keep your promise
Brain Boosting,Ethical Decisions,Level 2,Your friend is having difficulty carrying books. What should you do?,Hide their books,Laugh at them,Walk away,Help carry some books,Help carry some books
Brain Boosting,Ethical Decisions,Level 2,You see someone being left out of a game. What should you do?,Make fun of them,Take the game away,Invite them to play,Ignore them,Invite them to play
Brain Boosting,Ethical Decisions,Level 2,Your friend shares a good idea in class. What should you do?,Copy and take credit,Laugh at them,Support and appreciate them,Ignore them,Support and appreciate them
Brain Boosting,Ethical Decisions,Level 2,You accidentally step on someone's foot. What should you do?,Say sorry,Blame them,Run away,Laugh,Say sorry
Brain Boosting,Ethical Decisions,Level 2,Your friend is nervous before a test. What should you do?,Scare them,Make jokes about them,Ignore them,Encourage them,Encourage them
Brain Boosting,Ethical Decisions,Level 2,You see someone throwing garbage on the ground. What should you do?,Politely tell them to use a bin,Laugh at them,Throw more garbage,Join them,Politely tell them to use a bin
Brain Boosting,Ethical Decisions,Level 2,Your classmate forgot their lunch money. What should you do?,Ignore them,Make fun of them,Help if possible,Tell everyone,Help if possible
Brain Boosting,Ethical Decisions,Level 2,Your friend is crying because they lost something. What should you do?,Laugh at them,Ignore them,Hide it,Help them find it,Help them find it
Brain Boosting,Ethical Decisions,Level 2,You borrow a toy from your friend. What should you do?,Keep it forever,Return it carefully,Break it,Lose it,Return it carefully
Brain Boosting,Ethical Decisions,Level 2,You see a younger child needing help. What should you do?,Ignore them,Tease them,Take their things,Help them safely,Help them safely
Brain Boosting,Ethical Decisions,Level 2,Your friend makes a mistake while playing. What should you do?,Blame them,Laugh at them,Stop playing forever,Encourage them,Encourage them
Brain Boosting,Ethical Decisions,Level 3,You notice someone is alone at school. What should you do?,Talk and include them,Ignore them,Avoid them,Make fun of them,Talk and include them
Brain Boosting,Ethical Decisions,Level 3,Your friend helps you with a problem. What should you do?,Ignore them,Make fun of them,Refuse politely,Thank them,Thank them
Brain Boosting,Ethical Decisions,Level 3,You find a mistake in your friend's work. What should you do?,Destroy it,Help them correct it,Publicly embarrass them,Ignore them,Help them correct it
Brain Boosting,Ethical Decisions,Level 3,Your friend is angry with you. What should you do?,Talk calmly,Ignore forever,Insult them,Fight back,Talk calmly
Brain Boosting,Ethical Decisions,Level 3,You see someone sharing their food with others. What should you do?,Stop them,Laugh at them,Appreciate their kindness,Take all the food,Appreciate their kindness
Brain Boosting,Ethical Decisions,Level 3,You receive praise for teamwork. What should you do?,Take all credit,Ignore teammates,Thank your team,Blame others,Thank your team
Brain Boosting,Ethical Decisions,Level 3,Your friend has a different culture or habit. What should you do?,Insult them,Respect differences,Exclude them,Make jokes,Respect differences
Brain Boosting,Ethical Decisions,Level 3,You see someone struggling with a task. What should you do?,Make fun of them,Leave immediately,Offer help,Make it harder,Offer help
Brain Boosting,Ethical Decisions,Level 3,Your friend tells you they are worried. What should you do?,Laugh,Share their problem with everyone,Listen and support them,Ignore them,Listen and support them
Brain Boosting,Ethical Decisions,Level 3,You disagree during a group project. What should you do?,Quit immediately,Refuse to listen,Fight with members,Discuss politely,Discuss politely
Brain Boosting,Ethical Decisions,Level 3,You see someone return a lost item. What should you do?,Ignore them,Make fun of them,Appreciate honesty,Hide another item,Appreciate honesty
Brain Boosting,Ethical Decisions,Level 3,Your friend is learning a new skill. What should you do?,Stop them,Say they cannot do it,Laugh at mistakes,Encourage practice,Encourage practice
Brain Boosting,Ethical Decisions,Level 3,You make a promise to help someone. What should you do?,Avoid them,Lie about it,Try to keep it,Forget intentionally,Try to keep it
Brain Boosting,Ethical Decisions,Level 3,You see a person helping others. What should you do?,Stop them,Respect and appreciate them,Mock them,Ignore completely,Respect and appreciate them
Brain Boosting,Ethical Decisions,Level 3,Your friend forgets to bring a ruler in class. What should you do?,Ignore them,Help by sharing your ruler,Laugh at them,Hide your ruler,Help by sharing your ruler
Brain Boosting,Ethical Decisions,Level 3,You see your classmate cleaning the classroom. What should you do?,Ignore them,Stop them,Help them keep it clean,Make more mess,Help them keep it clean
Brain Boosting,Ethical Decisions,Level 3,Your friend makes a mistake while speaking. What should you do?,Encourage them,Insult them,Stop them,Mimic and laugh,Encourage them
Brain Boosting,Ethical Decisions,Level 3,You see someone being kind to another person. What should you do?,Appreciate their kindness,Make fun of them,Ignore them,Stop them,Appreciate their kindness
Brain Boosting,Ethical Decisions,Level 3,Your friend is worried about a problem. What should you do?,Ignore them,Tell others as a joke,Spread their problem,Listen and support them,Listen and support them
Brain Boosting,Ethical Decisions,Level 3,You are playing a game and your friend loses. What should you do?,Laugh at them,Refuse to play again,Blame them,Be kind and encourage them,Be kind and encourage them
Brain Boosting,Ethical Decisions,Level 4,You notice someone is having trouble understanding a lesson. What should you do?,Take their notebook,Explain and help them,Laugh at them,Ignore them,Explain and help them
Brain Boosting,Ethical Decisions,Level 4,Your friend shares their achievement with you. What should you do?,Say something negative,Ignore them,Congratulate them,Feel angry,Congratulate them
Brain Boosting,Ethical Decisions,Level 4,You accidentally take someone s pencil by mistake. What should you do?,Blame them,Return it and apologize,Hide it,Keep it,Return it and apologize
Brain Boosting,Ethical Decisions,Level 4,You see someone crying at school. What should you do?,Ask if they need help,Make jokes,Laugh at them,Walk away immediately,Ask if they need help
Brain Boosting,Ethical Decisions,Level 4,Your friend invites you to play; but another child is alone. What should you do?,Leave everyone,Ignore the child,Include the lonely child,Make fun of them,Include the lonely child
Brain Boosting,Ethical Decisions,Level 4,You borrow something from a friend. What should you do after using it?,Forget about it,Keep it,Break it,Return it safely,Return it safely
Brain Boosting,Ethical Decisions,Level 4,You see someone making a mistake in a group activity. What should you do?,Make fun of them,Help them improve,Remove them,Blame them,Help them improve
Brain Boosting,Ethical Decisions,Level 4,Your friend is different from you in some ways. What should you do?,Make jokes about them,Respect their differences,Avoid them,Insult them,Respect their differences
Brain Boosting,Ethical Decisions,Level 4,You find a lost notebook in your classroom. What should you do?,Return it to the owner,Keep it,Tear pages,Hide it,Return it to the owner
Brain Boosting,Ethical Decisions,Level 4,You are working in a team project. What should you do?,Cooperate with teammates,Ignore others,Do nothing,Only take credit,Cooperate with teammates
Brain Boosting,Ethical Decisions,Level 4,Your friend apologizes after making a mistake. What should you do?,Insult them,Tell everyone,Accept the apology,Keep being angry,Accept the apology
Brain Boosting,Ethical Decisions,Level 4,You see someone helping an elderly person. What should you do?,Stop them,Ignore them,Laugh at them,Respect their kindness,Respect their kindness
Brain Boosting,Ethical Decisions,Level 4,Your friend is not good at a sport. What should you do?,Make fun of them,Encourage them,Exclude them,Stop them from playing,Encourage them
Brain Boosting,Ethical Decisions,Level 4,You make a promise to help a friend. What should you do?,Keep your promise,Avoid your friend,Lie about it,Forget it intentionally,Keep your promise
Brain Boosting,Ethical Decisions,Level 4,You see someone sharing their food with others. What should you do?,Make fun of them,Ignore them,Take all the food,Thank and appreciate them,Thank and appreciate them
Brain Boosting,Ethical Decisions,Level 4,Your friend is nervous before performing on stage. What should you do?,Laugh at them,Scare them,Discourage them,Encourage them,Encourage them
Brain Boosting,Ethical Decisions,Level 4,You see someone dropping trash accidentally. What should you do?,Politely remind them,Add more trash,Push them,Laugh at them,Politely remind them
Brain Boosting,Ethical Decisions,Level 4,Your friend helps you solve a difficult problem. What should you do?,Thank them,Ignore them,Take credit,Make fun of them,Thank them
