Id,Level,Topic,Question,Option1,Option2,Option3,Option4,Correct_Option
ENG1,1,Part of Speech,Which word is a Noun (Naming Word)?,apple,quickly,happy,run,apple
ENG2,1,Part of Speech,Which word is a Noun (Naming Word)?,jump,blue,school,sing,school
ENG3,1,Part of Speech,Which word is a Noun (Naming Word)?,cat,fast,swim,beautiful,cat
ENG4,1,Part of Speech,Which word is a Noun (Naming Word)?,teacher,kind,read,slowly,teacher
ENG26,2,Part of Speech,Which word is a Noun (Naming Word)?,hospital,sing,happy,quickly,hospital
ENG27,2,Part of Speech,Which word is a Noun (Naming Word)?,jump,run,elephant,blue,elephant
ENG28,2,Part of Speech,Which word is a Noun (Naming Word)?,bicycle,swim,slowly,kind,bicycle
ENG29,2,Part of Speech,Which word is a Noun (Naming Word)?,write,garden,loudly,fast,garden
ENG30,2,Part of Speech,Which word is a Noun (Naming Word)?,computer,beautiful,dance,quickly,computer
ENG51,3,Part of Speech,Which word is a Noun (Naming Word)?,market,quickly,run,happy,market
ENG52,3,Part of Speech,Which word is a Noun (Naming Word)?,jump,slowly,beautiful,teacher,teacher
ENG53,3,Part of Speech,Which word is a Noun (Naming Word)?,loudly,castle,play,kind,castle
ENG54,3,Part of Speech,Which word is a Noun (Naming Word)?,blue,pilot,fast,swim,pilot
ENG55,3,Part of Speech,Which word is a Noun (Naming Word)?,island,quickly,sing,happy,island
ENG66,3,Part of Speech,Which word names a place?,beach,run,happy,jump,beach
